{
    "singledotsize_cont_radius_px": {
        "1": 15,
        "2": 15,
        "3": 15,
        "4": 15,
        "5": 15,
        "6": 15
    },
    "totaldotsize_cont_radius_px": {
        "1": 34.8284843194596,
        "2": 24.627457440739217,
        "3": 20.108234797306658,
        "4": 17.4142421597298,
        "5": 15.575771698319432,
        "6": 14.21866918286684
    },
    "circumference_cont_radius_px": {
        "1": 42.65600754860052,
        "2": 21.32800377430026,
        "3": 14.218669182866842,
        "4": 10.66400188715013,
        "5": 8.531201509720104,
        "6": 7.109334591433421
    },
    "n_trials": 70,
    "n_condition": 3,
    "total_n_trials": 210,
    "numerosity": [
        1,
        2,
        3,
        4,
        5,
        6
    ]
}