{
    "singledotsize_cont_radius_px": {
        "1": 8,
        "2": 8,
        "3": 8,
        "4": 8,
        "5": 8,
        "6": 8
    },
    "totaldotsize_cont_radius_px": {
        "1": 19.349157955255333,
        "2": 13.681920800410678,
        "3": 11.171241554059256,
        "4": 9.674578977627666,
        "5": 8.653206499066352,
        "6": 7.899260657148244
    },
    "circumference_cont_radius_px": {
        "1": 23.697781971444734,
        "2": 11.848890985722367,
        "3": 7.899260657148245,
        "4": 5.924445492861183,
        "5": 4.739556394288947,
        "6": 3.9496303285741226
    },
    "n_trials": 70,
    "n_condition": 3,
    "total_n_trials": 210,
    "numerosity": [1, 2, 3, 4, 5, 6]
}